State (FIPS Code),County of current residence,Census Tract,Qualifying Name,FIPS,Civilian Population in Labor Force 16 Years and Over:,Civilian Population in Labor Force 16 Years and Over: Employed,Civilian Population in Labor Force 16 Years and Over: Unemployed,Population 25 Years and Over:,Population 25 Years and Over: Less than High School,Population 25 Years and Over: High School Graduate (Includes Equivalency),Population 25 Years and Over: Some College,Population 25 Years and Over: Bachelor's Degree,Population 25 Years and Over: Master's Degree,Population 25 Years and Over: Professional School Degree,Population 25 Years and Over: Doctorate Degree,Total Population,Total Population:,Total Population: White Alone,Total Population: Black or African American Alone,Total Population: American Indian and Alaska Native Alone,Total Population: Asian Alone,Total Population: Native Hawaiian and Other Pacific Islander Alone,Total Population: Some Other Race Alone,Total Population: Two or More Races,Total Population,Total Population: Not Hispanic or Latino,Total Population: Not Hispanic or Latino: White Alone,Total Population: Not Hispanic or Latino: Black or African American Alone,Total Population: Not Hispanic or Latino: American Indian and Alaska Native Alone,Total Population: Not Hispanic or Latino: Asian Alone,Total Population: Not Hispanic or Latino: Native Hawaiian and Other Pacific Islander Alone,Total Population: Not Hispanic or Latino: Some Other Race Alone,Total Population: Not Hispanic or Latino: Two or More Races,Total Population: Hispanic or Latino,Total Population: Hispanic or Latino: White Alone,Total Population: Hispanic or Latino: Black or African American Alone,Total Population: Hispanic or Latino: American Indian and Alaska Native Alone,Total Population: Hispanic or Latino: Asian Alone,Total Population: Hispanic or Latino: Native Hawaiian and Other Pacific Islander Alone,Total Population: Hispanic or Latino: Some Other Race Alone,Total Population: Hispanic or Latino: Two or More Races,Population Under 18 Years of Age for Whom Poverty Status Is Determined:,Population Under 18 Years of Age for Whom Poverty Status Is Determined: Living in Poverty,Population Under 18 Years of Age for Whom Poverty Status Is Determined: At or Above Poverty Level
Geo_STATE,Geo_COUNTY,Geo_TRACT,Geo_QName,Geo_FIPS,SE_A17005_001,SE_A17005_002,SE_A17005_003,SE_A12001_001,SE_A12001_002,SE_A12001_003,SE_A12001_004,SE_A12001_005,SE_A12001_006,SE_A12001_007,SE_A12001_008,SE_A00001_001,SE_A03001_001,SE_A03001_002,SE_A03001_003,SE_A03001_004,SE_A03001_005,SE_A03001_006,SE_A03001_007,SE_A03001_008,SE_A04001_001,SE_A04001_002,SE_A04001_003,SE_A04001_004,SE_A04001_005,SE_A04001_006,SE_A04001_007,SE_A04001_008,SE_A04001_009,SE_A04001_010,SE_A04001_011,SE_A04001_012,SE_A04001_013,SE_A04001_014,SE_A04001_015,SE_A04001_016,SE_A04001_017,SE_A13003A_001,SE_A13003A_002,SE_A13003A_003
09,001,010101,"Census Tract 101.01, Fairfield County, Connecticut",09001010101,2034,1923,111,3103,117,536,262,1189,724,201,74,4391,4391,3979,126,0,135,0,16,135,4391,4162,3889,126,0,135,0,0,12,229,90,0,0,0,0,16,123,996,0,996
09,001,010102,"Census Tract 101.02, Fairfield County, Connecticut",09001010102,1905,1846,59,2625,21,175,299,933,717,314,166,4136,4136,3709,82,0,127,0,0,218,4136,3959,3563,51,0,127,0,0,218,177,146,31,0,0,0,0,0,1186,0,1186
09,001,010201,"Census Tract 102.01, Fairfield County, Connecticut",09001010201,1278,1240,38,2237,46,195,199,775,720,247,55,3501,3501,3125,20,0,152,0,8,196,3501,3062,2824,13,0,152,0,0,73,439,301,7,0,0,0,8,123,954,42,912
09,001,010202,"Census Tract 102.02, Fairfield County, Connecticut",09001010202,2947,2748,199,3791,135,650,366,1329,994,217,100,5743,5743,4428,20,11,433,0,156,695,5743,5281,4131,20,11,433,0,41,645,462,297,0,0,0,0,115,50,1638,90,1548
09,001,010300,"Census Tract 103, Fairfield County, Connecticut",09001010300,2058,1982,76,3033,46,84,277,1221,945,379,81,4137,4137,3625,94,0,224,0,57,137,4137,4010,3555,94,0,224,0,0,137,127,70,0,0,0,0,57,0,913,0,913
09,001,010400,"Census Tract 104, Fairfield County, Connecticut",09001010400,3560,3307,253,4223,170,799,840,1230,944,160,80,5615,5615,4764,206,0,288,0,151,206,5615,5304,4735,185,0,288,0,0,96,311,29,21,0,0,0,151,110,1014,21,993
09,001,010500,"Census Tract 105, Fairfield County, Connecticut",09001010500,3747,3391,356,4437,369,1100,955,1145,742,92,34,6478,6478,4958,196,0,439,0,366,519,6478,4630,3691,196,0,439,0,100,204,1848,1267,0,0,0,0,266,315,1373,126,1247
09,001,010600,"Census Tract 106, Fairfield County, Connecticut",09001010600,1047,913,134,1580,9,83,266,699,360,141,22,1942,1942,1441,128,6,172,11,35,149,1942,1793,1337,120,6,172,0,35,123,149,104,8,0,0,11,0,26,277,90,187
09,001,010700,"Census Tract 107, Fairfield County, Connecticut",09001010700,1362,1198,164,2385,137,387,341,618,634,237,31,3391,3391,2466,452,0,137,0,288,48,3391,2809,2181,444,0,137,0,0,47,582,285,8,0,0,0,288,1,882,64,818
09,001,010800,"Census Tract 108, Fairfield County, Connecticut",09001010800,1798,1746,52,2256,125,250,306,786,625,123,41,3292,3292,2782,20,0,201,0,159,130,3292,2908,2613,20,0,201,0,16,58,384,169,0,0,0,0,143,72,915,151,764
09,001,010900,"Census Tract 109, Fairfield County, Connecticut",09001010900,2530,2297,233,3378,101,262,400,1285,963,201,166,5317,5317,3340,219,27,1233,0,34,464,5317,4658,3059,178,27,1233,0,7,154,659,281,41,0,0,0,27,310,1580,19,1561
09,001,011000,"Census Tract 110, Fairfield County, Connecticut",09001011000,2257,2250,7,3340,56,252,246,1180,1184,295,127,5597,5597,4670,36,0,424,0,108,359,5597,5106,4379,13,0,424,0,43,247,491,291,23,0,0,0,65,112,2076,24,2052
09,001,011100,"Census Tract 111, Fairfield County, Connecticut",09001011100,2023,1916,107,3074,86,90,215,1278,925,336,144,5148,5148,4522,9,13,326,0,7,271,5148,4494,3886,9,13,326,0,7,253,654,636,0,0,0,0,0,18,1792,91,1701
09,001,011200,"Census Tract 112, Fairfield County, Connecticut",09001011200,832,787,45,1199,28,88,116,536,306,92,33,1857,1857,1445,6,0,80,0,127,199,1857,1543,1346,6,0,80,0,5,106,314,99,0,0,0,0,122,93,508,14,494
09,001,011300,"Census Tract 113, Fairfield County, Connecticut",09001011300,1866,1703,163,2052,222,508,363,594,263,75,27,2910,2910,1930,67,10,133,0,429,341,2910,1395,1121,53,10,133,0,0,78,1515,809,14,0,0,0,429,263,609,119,490
09,001,020101,"Census Tract 201.01, Fairfield County, Connecticut",09001020101,1540,1388,152,2109,202,290,157,803,522,48,87,2588,2588,1458,357,0,612,0,105,56,2588,2266,1282,337,0,612,0,0,35,322,176,20,0,0,0,105,21,286,81,205
09,001,020102,"Census Tract 201.02, Fairfield County, Connecticut",09001020102,1959,1959,0,2775,441,431,331,655,649,178,90,3560,3560,1952,849,48,342,0,145,224,3560,2808,1449,849,30,342,0,0,138,752,503,0,18,0,0,145,86,580,18,562
09,001,020200,"Census Tract 202, Fairfield County, Connecticut",09001020200,2262,2222,40,3107,20,224,503,1140,806,347,67,4047,4047,3468,186,0,288,0,0,105,4047,3778,3254,131,0,288,0,0,105,269,214,55,0,0,0,0,0,640,27,613
09,001,020301,"Census Tract 203.01, Fairfield County, Connecticut",09001020301,1765,1721,44,2457,61,207,435,730,610,213,201,3385,3385,2616,64,0,151,0,28,526,3385,2943,2487,64,0,151,0,0,241,442,129,0,0,0,0,28,285,782,35,747
09,001,020302,"Census Tract 203.02, Fairfield County, Connecticut",09001020302,2053,1924,129,2655,196,140,460,889,556,314,100,3966,3966,3433,250,0,196,0,42,45,3966,3610,3119,250,0,196,0,0,45,356,314,0,0,0,0,42,0,616,117,499
09,001,020400,"Census Tract 204, Fairfield County, Connecticut",09001020400,1855,1668,187,2578,135,404,384,763,558,281,53,3545,3545,2955,50,0,373,0,27,140,3545,3173,2720,50,0,373,0,0,30,372,235,0,0,0,0,27,110,616,29,587
09,001,020500,"Census Tract 205, Fairfield County, Connecticut",09001020500,2437,2222,215,3570,290,410,506,1202,825,288,49,5119,5119,4223,73,0,334,28,6,455,5119,4637,4006,73,0,334,28,0,196,482,217,0,0,0,0,6,259,1160,23,1137
09,001,020600,"Census Tract 206, Fairfield County, Connecticut",09001020600,2617,2499,118,3561,194,509,684,977,747,240,210,4790,4790,3178,253,0,611,0,131,617,4790,3936,2808,253,0,609,0,37,229,854,370,0,0,2,0,94,388,937,0,937
09,001,020700,"Census Tract 207, Fairfield County, Connecticut",09001020700,2275,2222,53,3108,192,580,597,1057,451,200,31,4266,4266,3520,68,68,216,0,194,200,4266,3704,3259,61,68,216,0,0,100,562,261,7,0,0,0,194,100,809,3,806
09,001,020800,"Census Tract 208, Fairfield County, Connecticut",09001020800,1630,1581,49,1981,64,354,438,494,529,77,25,2751,2751,2274,18,8,204,0,28,219,2751,2449,2143,18,0,204,0,22,62,302,131,0,8,0,0,6,157,627,0,627
09,001,020900,"Census Tract 209, Fairfield County, Connecticut",09001020900,2874,2691,183,3462,255,897,660,1022,496,92,40,5197,5197,3330,753,113,315,0,564,122,5197,3850,2804,716,0,315,0,0,15,1347,526,37,113,0,0,564,107,1173,210,963
09,001,021000,"Census Tract 210, Fairfield County, Connecticut",09001021000,2053,1919,134,2270,62,402,293,947,381,125,60,3423,3423,2557,483,0,74,0,78,231,3423,3144,2461,481,0,74,0,0,128,279,96,2,0,0,0,78,103,773,119,654
09,001,021100,"Census Tract 211, Fairfield County, Connecticut",09001021100,4150,3853,297,4846,1090,1260,598,1067,650,174,7,6894,6894,4222,519,0,373,0,547,1233,6894,3903,2882,475,0,373,0,26,147,2991,1340,44,0,0,0,521,1086,1520,246,1274
09,001,021200,"Census Tract 212, Fairfield County, Connecticut",09001021200,2622,2546,76,3260,182,263,623,1122,828,160,82,4418,4418,3615,80,18,452,0,113,140,4418,3765,3100,79,0,452,0,12,122,653,515,1,18,0,0,101,18,868,0,868
09,001,021300,"Census Tract 213, Fairfield County, Connecticut",09001021300,3047,2910,137,3553,446,743,742,840,644,94,44,4660,4660,2682,501,0,439,0,189,849,4660,3006,1968,501,0,439,0,13,85,1654,714,0,0,0,0,176,764,801,44,757
09,001,021401,"Census Tract 214.01, Fairfield County, Connecticut",09001021401,1999,1898,101,2312,653,586,139,616,139,149,30,3584,3584,977,661,0,195,0,1459,292,3584,1289,433,661,0,195,0,0,0,2295,544,0,0,0,0,1459,292,1010,0,1010
09,001,021402,"Census Tract 214.02, Fairfield County, Connecticut",09001021402,1862,1735,127,2398,172,946,349,446,227,245,13,3306,3306,1691,1058,0,237,0,250,70,3306,2116,836,1043,0,237,0,0,0,1190,855,15,0,0,0,250,70,590,48,542
09,001,021501,"Census Tract 215.01, Fairfield County, Connecticut",09001021501,2234,2048,186,2646,928,693,517,335,172,0,1,4308,4308,898,1249,0,321,0,1294,546,4308,1893,284,1231,0,321,0,19,38,2415,614,18,0,0,0,1275,508,991,310,681
09,001,021502,"Census Tract 215.02, Fairfield County, Connecticut",09001021502,1335,1265,70,1686,557,412,358,304,55,0,0,2500,2500,628,1022,0,0,0,743,107,2500,1282,260,1022,0,0,0,0,0,1218,368,0,0,0,0,743,107,619,45,574
09,001,021601,"Census Tract 216.01, Fairfield County, Connecticut",09001021601,2512,2373,139,2713,108,428,415,897,651,103,111,3326,3326,1617,675,27,685,0,68,254,3326,2907,1430,655,27,685,0,30,80,419,187,20,0,0,0,38,174,293,131,162
09,001,021602,"Census Tract 216.02, Fairfield County, Connecticut",09001021602,2826,2750,76,3437,157,344,371,1742,674,99,50,4740,4740,1800,856,0,1183,0,562,339,4740,3722,1639,834,0,1183,0,0,66,1018,161,22,0,0,0,562,273,940,280,660
09,001,021701,"Census Tract 217.01, Fairfield County, Connecticut",09001021701,2232,2205,27,2746,354,485,475,946,335,151,0,3902,3902,1516,1054,0,358,0,668,306,3902,2775,1284,977,0,358,0,0,156,1127,232,77,0,0,0,668,150,541,0,541
09,001,021702,"Census Tract 217.02, Fairfield County, Connecticut",09001021702,2819,2684,135,3015,154,151,524,1643,397,76,70,4074,4074,2499,584,0,763,0,4,224,4074,3293,1876,584,0,763,0,0,70,781,623,0,0,0,0,4,154,682,257,425
09,001,021801,"Census Tract 218.01, Fairfield County, Connecticut",09001021801,2758,2600,158,3326,231,795,569,896,618,128,89,4751,4751,2916,456,0,653,23,411,292,4751,3348,2123,430,0,653,0,39,103,1403,793,26,0,0,23,372,189,1067,325,742
09,001,021802,"Census Tract 218.02, Fairfield County, Connecticut",09001021802,3174,2969,205,3869,476,1065,992,879,307,38,112,5372,5372,2533,612,164,504,0,1291,268,5372,2960,1808,603,11,504,0,23,11,2412,725,9,153,0,0,1268,257,986,153,833
09,001,021900,"Census Tract 219, Fairfield County, Connecticut",09001021900,3922,3723,199,4629,364,944,1555,889,563,142,172,6141,6141,4088,210,0,605,0,1007,231,6141,4623,3684,197,0,605,0,34,103,1518,404,13,0,0,0,973,128,968,56,912
09,001,022000,"Census Tract 220, Fairfield County, Connecticut",09001022000,2273,2188,85,2211,261,321,647,490,431,49,12,3418,3418,1867,618,0,31,0,53,849,3418,2411,1365,607,0,31,0,0,408,1007,502,11,0,0,0,53,441,978,241,737
09,001,022101,"Census Tract 221.01, Fairfield County, Connecticut",09001022101,1936,1750,186,2121,923,560,375,122,141,0,0,3557,3557,913,176,0,283,0,1745,440,3557,1228,631,176,0,283,0,0,138,2329,282,0,0,0,0,1745,302,1083,371,712
09,001,022102,"Census Tract 221.02, Fairfield County, Connecticut",09001022102,2496,2242,254,2910,343,966,485,835,268,0,13,4196,4196,2755,620,0,61,0,414,346,4196,2465,1792,612,0,61,0,0,0,1731,963,8,0,0,0,414,346,812,0,812
09,001,022201,"Census Tract 222.01, Fairfield County, Connecticut",09001022201,2392,2278,114,2423,413,308,271,836,436,84,75,3188,3188,1547,391,13,321,0,560,356,3188,2104,1390,260,13,321,0,14,106,1084,157,131,0,0,0,546,250,427,144,283
09,001,022202,"Census Tract 222.02, Fairfield County, Connecticut",09001022202,2989,2874,115,3197,328,674,488,1083,446,143,35,4172,4172,2657,780,0,194,0,270,271,4172,3049,1999,751,0,194,0,27,78,1123,658,29,0,0,0,243,193,520,0,520
09,001,022300,"Census Tract 223, Fairfield County, Connecticut",09001022300,3513,3263,250,4165,314,1205,1200,962,377,51,56,5506,5506,1614,1866,33,79,0,928,986,5506,2919,1004,1777,0,79,0,59,0,2587,610,89,33,0,0,869,986,980,317,663
09,001,022400,"Census Tract 224, Fairfield County, Connecticut",09001022400,1279,1128,151,1563,16,201,173,577,391,186,19,2170,2170,1985,3,13,59,0,31,79,2170,1990,1840,2,13,59,0,12,64,180,145,1,0,0,0,19,15,439,6,433
09,001,030100,"Census Tract 301, Fairfield County, Connecticut",09001030100,1689,1674,15,2470,89,105,127,1131,801,198,19,3468,3468,3156,60,0,146,0,21,85,3468,3302,3019,60,0,146,0,16,61,166,137,0,0,0,0,5,24,921,23,898
09,001,030200,"Census Tract 302, Fairfield County, Connecticut",09001030200,1481,1409,72,1956,9,103,181,1036,451,161,15,3281,3281,2716,0,0,232,0,33,300,3281,3086,2605,0,0,232,0,0,249,195,111,0,0,0,0,33,51,1073,11,1062
09,001,030300,"Census Tract 303, Fairfield County, Connecticut",09001030300,1890,1774,116,2717,0,82,145,1250,901,257,82,4516,4516,4067,43,0,122,0,75,209,4516,4207,3916,42,0,122,0,21,106,309,151,1,0,0,0,54,103,1469,59,1410
09,001,030400,"Census Tract 304, Fairfield County, Connecticut",09001030400,1986,1792,194,2499,53,185,197,1328,579,121,36,4209,4209,3342,40,0,557,0,87,183,4209,4012,3284,40,0,557,0,18,113,197,58,0,0,0,0,69,70,1302,97,1205
09,001,030500,"Census Tract 305, Fairfield County, Connecticut",09001030500,2954,2783,171,3530,89,137,382,1559,1038,209,116,6011,6011,5504,35,8,256,0,25,183,6011,5827,5397,27,0,256,0,0,147,184,107,8,8,0,0,25,36,2108,101,2007
09,001,035101,"Census Tract 351.01, Fairfield County, Connecticut",09001035101,1989,1879,110,2713,27,250,540,874,679,300,43,4242,4242,3655,20,0,482,0,0,85,4242,3964,3462,20,0,482,0,0,0,278,193,0,0,0,0,0,85,1257,0,1257
09,001,035102,"Census Tract 351.02, Fairfield County, Connecticut",09001035102,1540,1488,52,2309,1,78,424,943,644,183,36,3821,3821,3522,2,0,170,0,0,127,3821,3619,3321,1,0,170,0,0,127,202,201,1,0,0,0,0,0,1009,35,974
09,001,035200,"Census Tract 352, Fairfield County, Connecticut",09001035200,1414,1381,33,2074,42,127,135,853,689,219,9,3120,3120,2780,0,0,80,0,1,259,3120,2806,2726,0,0,80,0,0,0,314,54,0,0,0,0,1,259,839,0,839
09,001,035300,"Census Tract 353, Fairfield County, Connecticut",09001035300,1666,1661,5,2645,117,208,295,1115,661,208,41,4070,4070,3580,47,0,336,0,3,104,4070,3969,3479,47,0,336,0,3,104,101,101,0,0,0,0,0,0,1190,28,1162
09,001,035400,"Census Tract 354, Fairfield County, Connecticut",09001035400,2505,2265,240,3188,16,113,194,1663,874,287,41,5321,5321,4704,74,6,260,0,1,276,5321,5152,4627,74,6,260,0,1,184,169,77,0,0,0,0,0,92,1560,0,1560
09,001,042500,"Census Tract 425, Fairfield County, Connecticut",09001042500,2015,1946,69,2727,44,539,667,898,443,107,29,3633,3633,2962,424,0,37,15,16,179,3633,3537,2901,424,0,37,15,0,160,96,61,0,0,0,0,16,19,645,0,645
09,001,042600,"Census Tract 426, Fairfield County, Connecticut",09001042600,2949,2813,136,3492,221,938,730,824,596,154,29,4601,4601,3365,662,0,337,0,0,237,4601,4023,2957,662,0,337,0,0,67,578,408,0,0,0,0,0,170,614,75,539
09,001,042700,"Census Tract 427, Fairfield County, Connecticut",09001042700,3500,3319,181,4435,490,690,1164,957,874,185,75,5586,5586,3627,513,21,529,19,166,711,5586,4318,3178,513,0,529,0,0,98,1268,449,0,21,0,19,166,613,888,0,888
09,001,042800,"Census Tract 428, Fairfield County, Connecticut",09001042800,2796,2598,198,3620,244,758,1022,873,552,105,66,5029,5029,3804,615,0,167,0,91,352,5029,4170,3435,559,0,101,0,1,74,859,369,56,0,66,0,90,278,834,149,685
09,001,042900,"Census Tract 429, Fairfield County, Connecticut",09001042900,979,912,67,1254,41,158,137,483,313,103,19,1619,1619,1504,65,0,3,0,0,47,1619,1500,1385,65,0,3,0,0,47,119,119,0,0,0,0,0,0,202,8,194
09,001,043000,"Census Tract 430, Fairfield County, Connecticut",09001043000,1852,1796,56,2383,382,328,704,583,296,69,21,3197,3197,1982,368,0,42,0,472,333,3197,2193,1726,356,0,42,0,8,61,1004,256,12,0,0,0,464,272,539,194,345
09,001,043100,"Census Tract 431, Fairfield County, Connecticut",09001043100,1983,1809,174,3156,217,401,563,1066,636,237,36,4596,4596,3571,414,0,300,0,23,288,4596,4133,3362,286,0,280,0,6,199,463,209,128,0,20,0,17,89,1303,82,1221
09,001,043200,"Census Tract 432, Fairfield County, Connecticut",09001043200,1813,1652,161,2721,823,469,463,464,420,56,26,3341,3341,2224,305,28,248,0,93,443,3341,1951,1124,273,0,248,0,0,306,1390,1100,32,28,0,0,93,137,494,92,402
09,001,043300,"Census Tract 433, Fairfield County, Connecticut",09001043300,1753,1712,41,2079,184,425,614,658,129,69,0,2959,2959,1531,444,0,57,0,284,643,2959,1889,1255,392,0,57,0,0,185,1070,276,52,0,0,0,284,458,598,50,548
09,001,043400,"Census Tract 434, Fairfield County, Connecticut",09001043400,2929,2795,134,3615,656,846,785,761,331,180,56,4690,4690,3141,452,44,418,0,300,335,4690,3079,2132,452,44,418,0,23,10,1611,1009,0,0,0,0,277,325,803,72,731
09,001,043500,"Census Tract 435, Fairfield County, Connecticut",09001043500,1580,1421,159,1919,231,516,367,441,299,62,3,2559,2559,1834,230,13,62,0,13,407,2559,1839,1476,230,13,62,0,0,58,720,358,0,0,0,0,13,349,442,4,438
09,001,043600,"Census Tract 436, Fairfield County, Connecticut",09001043600,1832,1711,121,2556,164,779,638,614,288,37,36,3304,3304,2090,256,55,169,0,482,252,3304,2627,1985,209,0,169,0,236,28,677,105,47,55,0,0,246,224,536,9,527
09,001,043700,"Census Tract 437, Fairfield County, Connecticut",09001043700,2239,2052,187,2406,143,374,469,614,558,115,133,3033,3033,1425,617,6,395,0,318,272,3033,2051,927,601,6,395,0,0,122,982,498,16,0,0,0,318,150,441,140,301
09,001,043800,"Census Tract 438, Fairfield County, Connecticut",09001043800,4186,3874,312,4922,546,1039,1285,1255,402,250,145,7161,7161,3229,997,26,882,0,1566,461,7161,4350,2373,980,0,882,0,60,55,2811,856,17,26,0,0,1506,406,1453,156,1297
09,001,043900,"Census Tract 439, Fairfield County, Connecticut",09001043900,3509,3354,155,4628,758,775,975,1310,670,119,21,6422,6422,4471,552,0,441,0,658,300,6422,4428,3366,552,0,396,0,0,114,1994,1105,0,0,45,0,658,186,1294,343,951
09,001,044000,"Census Tract 440, Fairfield County, Connecticut",09001044000,3590,3366,224,4135,829,1281,1010,654,288,18,55,5906,5906,3309,840,21,237,0,537,962,5906,2978,1677,840,21,237,0,0,203,2928,1632,0,0,0,0,537,759,1070,86,984
09,001,044100,"Census Tract 441, Fairfield County, Connecticut",09001044100,1976,1747,229,2136,133,521,226,803,289,113,51,2983,2983,1747,409,0,123,0,207,497,2983,1929,1207,392,0,123,0,37,170,1054,540,17,0,0,0,170,327,606,268,338
09,001,044200,"Census Tract 442, Fairfield County, Connecticut",09001044200,2489,2191,298,3179,547,1157,601,594,219,49,12,4206,4206,3026,357,0,99,45,574,105,4206,2666,2246,274,0,91,45,0,10,1540,780,83,0,8,0,574,95,820,34,786
09,001,044300,"Census Tract 443, Fairfield County, Connecticut",09001044300,2631,2454,177,3462,302,574,840,987,557,102,100,4243,4243,3407,377,0,32,0,205,222,4243,3315,2820,342,0,32,0,7,114,928,587,35,0,0,0,198,108,627,20,607
09,001,044400,"Census Tract 444, Fairfield County, Connecticut",09001044400,2377,2153,224,2426,390,711,536,457,253,65,14,3649,3649,2008,930,34,19,0,186,472,3649,2126,1176,930,0,19,0,0,1,1523,832,0,34,0,0,186,471,695,133,562
09,001,044500,"Census Tract 445, Fairfield County, Connecticut",09001044500,2251,2127,124,2421,539,801,576,438,52,5,10,4420,4420,1821,1617,24,0,0,564,394,4420,1982,520,1430,0,0,0,0,32,2438,1301,187,24,0,0,564,362,1514,278,1236
09,001,044600,"Census Tract 446, Fairfield County, Connecticut",09001044600,1837,1785,52,2564,15,271,273,1080,701,180,44,3684,3684,3420,22,0,55,0,8,179,3684,3480,3256,22,0,55,0,0,147,204,164,0,0,0,0,8,32,909,0,909
09,001,045101,"Census Tract 451.01, Fairfield County, Connecticut",09001045101,1920,1780,140,2458,21,190,271,1036,702,84,154,4048,4048,3509,38,0,263,0,0,238,4048,3924,3400,38,0,257,0,0,229,124,109,0,0,6,0,0,9,1370,52,1318
09,001,045102,"Census Tract 451.02, Fairfield County, Connecticut",09001045102,3602,3493,109,4043,107,669,567,1361,871,289,179,6131,6131,4957,26,0,398,0,106,644,6131,5793,4776,26,0,398,0,65,528,338,181,0,0,0,0,41,116,1559,40,1519
09,001,045200,"Census Tract 452, Fairfield County, Connecticut",09001045200,1341,1289,52,2016,64,193,217,801,498,184,59,2792,2792,2495,61,0,198,0,11,27,2792,2622,2355,42,0,198,0,0,27,170,140,19,0,0,0,11,0,649,9,640
09,001,045300,"Census Tract 453, Fairfield County, Connecticut",09001045300,1251,1212,39,1690,32,94,207,779,404,124,50,2492,2492,2026,23,0,264,0,0,179,2492,2386,1991,23,0,264,0,0,108,106,35,0,0,0,0,0,71,658,13,645
09,001,045400,"Census Tract 454, Fairfield County, Connecticut",09001045400,1654,1518,136,1857,0,160,208,755,638,70,26,3023,3023,2433,46,0,376,0,15,153,3023,2981,2424,46,0,376,0,0,135,42,9,0,0,0,0,15,18,823,0,823
09,001,050100,"Census Tract 501, Fairfield County, Connecticut",09001050100,2272,2216,56,2904,22,134,183,1086,826,535,118,4533,4533,4095,11,11,165,0,26,225,4533,4324,4005,0,11,165,0,26,117,209,90,11,0,0,0,0,108,1288,0,1288
09,001,050200,"Census Tract 502, Fairfield County, Connecticut",09001050200,1888,1805,83,2466,65,128,139,972,814,237,111,3622,3622,3147,38,39,210,0,7,181,3622,3382,2991,38,39,210,0,0,104,240,156,0,0,0,0,7,77,869,18,851
09,001,050301,"Census Tract 503.01, Fairfield County, Connecticut",09001050301,1722,1653,69,2645,93,213,349,1096,580,280,34,4305,4305,3722,1,0,398,0,87,97,4305,4081,3631,1,0,398,0,0,51,224,91,0,0,0,0,87,46,1406,76,1330
09,001,050302,"Census Tract 503.02, Fairfield County, Connecticut",09001050302,2156,1969,187,3028,72,326,223,1224,642,358,183,4302,4302,3849,4,0,234,0,119,96,4302,4179,3789,4,0,234,0,95,57,123,60,0,0,0,0,24,39,909,0,909
09,001,050400,"Census Tract 504, Fairfield County, Connecticut",09001050400,1203,1114,89,1708,87,137,282,567,445,100,90,2304,2304,1895,52,0,184,22,93,58,2304,2131,1829,52,0,184,22,0,44,173,66,0,0,0,0,93,14,394,9,385
09,001,050500,"Census Tract 505, Fairfield County, Connecticut",09001050500,2271,2123,148,3139,48,366,362,1102,868,347,46,5010,5010,4198,131,0,281,0,73,327,5010,4821,4130,131,0,281,0,39,240,189,68,0,0,0,0,34,87,1584,94,1490
09,001,050600,"Census Tract 506, Fairfield County, Connecticut",09001050600,1391,1367,24,2045,64,175,257,700,552,255,42,3092,3092,2476,26,40,86,0,14,450,3092,2475,2324,26,0,86,0,2,37,617,152,0,40,0,0,12,413,906,0,906
09,001,055100,"Census Tract 551, Fairfield County, Connecticut",09001055100,3048,2968,80,3996,70,262,579,1445,1111,380,149,5999,5999,4891,146,27,342,0,54,539,5999,5676,4734,115,27,342,0,25,433,323,157,31,0,0,0,29,106,1624,25,1599
09,001,055200,"Census Tract 552, Fairfield County, Connecticut",09001055200,2252,2183,69,2796,27,148,349,874,962,296,140,4340,4340,3732,142,9,195,0,0,262,4340,4128,3575,142,9,195,0,0,207,212,157,0,0,0,0,0,55,1296,9,1287
09,001,060100,"Census Tract 601, Fairfield County, Connecticut",09001060100,1622,1566,56,2310,118,460,365,686,486,114,81,4068,4068,3228,256,8,95,0,311,170,4068,3604,3115,256,8,95,0,0,130,464,113,0,0,0,0,311,40,597,16,581
09,001,060200,"Census Tract 602, Fairfield County, Connecticut",09001060200,2261,2138,123,3200,204,374,860,1096,572,48,46,4432,4432,4027,45,0,149,0,12,199,4432,4001,3749,45,0,139,0,0,68,431,278,0,0,10,0,12,131,962,21,941
09,001,060300,"Census Tract 603, Fairfield County, Connecticut",09001060300,2038,1944,94,2804,30,326,351,1017,778,255,47,4106,4106,3863,0,0,153,0,0,90,4106,4046,3833,0,0,153,0,0,60,60,30,0,0,0,0,0,30,1095,9,1086
09,001,060400,"Census Tract 604, Fairfield County, Connecticut",09001060400,2219,2169,50,3005,1,121,386,1210,877,315,95,4783,4783,4560,22,0,112,0,26,63,4783,4713,4526,22,0,112,0,11,42,70,34,0,0,0,0,15,21,1508,0,1508
09,001,060500,"Census Tract 605, Fairfield County, Connecticut",09001060500,1328,1273,55,1858,58,140,182,788,564,107,19,2993,2993,2610,37,0,286,0,12,48,2993,2919,2561,31,0,286,0,0,41,74,49,6,0,0,0,12,7,926,0,926
09,001,060600,"Census Tract 606, Fairfield County, Connecticut",09001060600,1160,1152,8,1607,26,132,169,510,488,216,66,2188,2188,1989,64,0,47,0,0,88,2188,2090,1891,64,0,47,0,0,88,98,98,0,0,0,0,0,0,411,0,411
09,001,060700,"Census Tract 607, Fairfield County, Connecticut",09001060700,3733,3362,371,3493,55,269,553,1345,923,319,29,8198,8198,7568,204,0,69,0,85,272,8198,7699,7345,191,0,69,0,0,94,499,223,13,0,0,0,85,178,1415,22,1393
09,001,060800,"Census Tract 608, Fairfield County, Connecticut",09001060800,1122,1029,93,1461,12,91,180,677,386,67,48,2082,2082,1922,26,0,51,0,32,51,2082,1984,1861,26,0,51,0,25,21,98,61,0,0,0,0,7,30,554,5,549
09,001,060900,"Census Tract 609, Fairfield County, Connecticut",09001060900,1466,1435,31,1716,57,302,258,565,397,118,19,2644,2644,2256,92,0,86,0,74,136,2644,2567,2190,81,0,86,0,74,136,77,66,11,0,0,0,0,0,650,0,650
09,001,061000,"Census Tract 610, Fairfield County, Connecticut",09001061000,1906,1712,194,2773,307,638,559,704,370,106,89,3856,3856,3150,123,0,316,0,17,250,3856,3535,2987,123,0,304,0,17,104,321,163,0,0,12,0,0,146,871,148,723
09,001,061100,"Census Tract 611, Fairfield County, Connecticut",09001061100,2073,1992,81,2420,67,209,271,1071,607,160,35,3653,3653,3387,13,0,80,0,58,115,3653,3496,3288,13,0,80,0,0,115,157,99,0,0,0,0,58,0,815,17,798
09,001,061200,"Census Tract 612, Fairfield County, Connecticut",09001061200,1418,1252,166,1658,185,283,362,501,264,51,12,2532,2532,1991,23,0,245,0,76,197,2532,2236,1878,18,0,245,0,29,66,296,113,5,0,0,0,47,131,493,18,475
09,001,061300,"Census Tract 613, Fairfield County, Connecticut",09001061300,1820,1761,59,2137,112,534,330,731,330,50,50,3177,3177,2625,57,0,245,0,101,149,3177,2711,2356,45,0,242,0,41,27,466,269,12,0,3,0,60,122,861,80,781
09,001,061400,"Census Tract 614, Fairfield County, Connecticut",09001061400,2020,1916,104,2228,253,402,404,564,543,39,23,3114,3114,2049,270,0,176,0,220,399,3114,2357,1830,264,0,176,0,46,41,757,219,6,0,0,0,174,358,551,1,550
09,001,061500,"Census Tract 615, Fairfield County, Connecticut",09001061500,2419,2031,388,3012,29,163,274,1358,920,189,79,4536,4536,3733,46,0,134,0,141,482,4536,4051,3667,46,0,134,0,81,123,485,66,0,0,0,0,60,359,1063,27,1036
09,001,061600,"Census Tract 616, Fairfield County, Connecticut",09001061600,2741,2584,157,3499,133,299,291,1597,787,299,93,5375,5375,4873,0,0,356,0,7,139,5375,5303,4829,0,0,356,0,0,118,72,44,0,0,0,0,7,21,1247,0,1247
09,001,070100,"Census Tract 701, Fairfield County, Connecticut",09001070100,3860,3766,94,4066,547,401,763,1506,702,78,69,5091,5091,3850,293,0,110,0,423,415,5091,4301,3486,286,0,110,0,95,324,790,364,7,0,0,0,328,91,593,134,459
09,001,070200,"Census Tract 702, Fairfield County, Connecticut",09001070200,2399,1958,441,2665,413,647,836,296,421,41,11,3953,3953,1537,1772,0,130,0,410,104,3953,2791,1066,1595,0,130,0,0,0,1162,471,177,0,0,0,410,104,813,118,695
09,001,070300,"Census Tract 703, Fairfield County, Connecticut",09001070300,351,255,96,508,209,216,38,31,1,13,0,1245,1245,560,236,0,0,0,361,88,1245,303,40,227,0,0,0,0,36,942,520,9,0,0,0,361,52,544,335,209
09,001,070400,"Census Tract 704, Fairfield County, Connecticut",09001070400,978,868,110,734,99,237,150,143,60,33,12,1586,1586,796,291,0,67,0,319,113,1586,1098,687,264,0,67,0,44,36,488,109,27,0,0,0,275,77,127,44,83
09,001,070500,"Census Tract 705, Fairfield County, Connecticut",09001070500,940,839,101,1188,251,330,265,259,83,0,0,1877,1877,868,593,146,22,0,142,106,1877,910,276,581,0,22,0,0,31,967,592,12,146,0,0,142,75,558,305,253
09,001,070600,"Census Tract 706, Fairfield County, Connecticut",09001070600,1182,1088,94,1958,521,250,558,392,123,87,27,2599,2599,1152,883,0,118,0,279,167,2599,1464,530,773,0,118,0,36,7,1135,622,110,0,0,0,243,160,212,83,129
09,001,070900,"Census Tract 709, Fairfield County, Connecticut",09001070900,1151,1025,126,1873,767,574,348,140,39,0,5,2908,2908,596,995,0,108,0,877,332,2908,1157,88,907,0,108,0,9,45,1751,508,88,0,0,0,868,287,795,405,390
09,001,071000,"Census Tract 710, Fairfield County, Connecticut",09001071000,2199,2015,184,2001,692,640,504,165,0,0,0,3640,3640,827,1502,46,161,0,780,324,3640,2056,197,1464,0,161,0,0,234,1584,630,38,46,0,0,780,90,665,211,454
09,001,071100,"Census Tract 711, Fairfield County, Connecticut",09001071100,2400,2048,352,2682,1000,851,533,208,78,12,0,4489,4489,973,1846,95,202,0,1091,282,4489,2258,296,1700,0,202,0,15,45,2231,677,146,95,0,0,1076,237,1323,387,936
09,001,071200,"Census Tract 712, Fairfield County, Connecticut",09001071200,2735,2286,449,3477,774,1169,1222,165,102,37,8,5684,5684,1499,2227,0,805,0,823,330,5684,3267,394,1988,0,805,0,25,55,2417,1105,239,0,0,0,798,275,1469,759,710
09,001,071300,"Census Tract 713, Fairfield County, Connecticut",09001071300,1713,1530,183,2193,813,845,307,126,53,13,36,3091,3091,856,1476,12,0,0,538,209,3091,1925,405,1408,0,0,0,0,112,1166,451,68,12,0,0,538,97,647,215,432
09,001,071400,"Census Tract 714, Fairfield County, Connecticut",09001071400,2075,1914,161,2239,863,593,510,190,57,26,0,3786,3786,1200,801,38,11,0,1205,531,3786,1347,481,690,38,11,0,108,19,2439,719,111,0,0,0,1097,512,1202,705,497
09,001,071600,"Census Tract 716, Fairfield County, Connecticut",09001071600,1246,1091,155,1350,730,353,215,0,52,0,0,2506,2506,930,819,0,0,0,567,190,2506,785,83,666,0,0,0,0,36,1721,847,153,0,0,0,567,154,835,495,340
09,001,071900,"Census Tract 719, Fairfield County, Connecticut",09001071900,2681,2436,245,3642,747,1433,957,330,113,0,62,5307,5307,1699,2011,0,46,0,1010,541,5307,2996,920,1719,0,46,0,137,174,2311,779,292,0,0,0,873,367,1083,350,733
09,001,072000,"Census Tract 720, Fairfield County, Connecticut",09001072000,1995,1717,278,2435,597,914,567,159,129,10,59,3589,3589,962,1199,0,448,0,805,175,3589,2088,458,1169,0,389,0,0,72,1501,504,30,0,59,0,805,103,767,206,561
09,001,072100,"Census Tract 721, Fairfield County, Connecticut",09001072100,3477,3194,283,4396,241,1611,1356,714,387,70,17,6130,6130,2897,1896,25,686,107,232,287,6130,4434,1739,1854,0,686,0,0,155,1696,1158,42,25,0,107,232,132,1038,374,664
09,001,072200,"Census Tract 722, Fairfield County, Connecticut",09001072200,2002,1864,138,2622,444,862,565,290,166,165,130,3888,3888,1942,889,0,212,0,500,345,3888,3204,1620,843,0,212,0,378,151,684,322,46,0,0,0,122,194,888,223,665
09,001,072300,"Census Tract 723, Fairfield County, Connecticut",09001072300,2644,2387,257,3424,532,1110,1059,454,236,16,17,5007,5007,2148,1458,0,140,0,950,311,5007,3160,1582,1352,0,140,0,0,86,1847,566,106,0,0,0,950,225,1026,334,692
09,001,072400,"Census Tract 724, Fairfield County, Connecticut",09001072400,1518,1386,132,2047,568,725,416,211,108,10,9,2996,2996,953,836,30,126,0,926,125,2996,1538,479,722,30,126,0,172,9,1458,474,114,0,0,0,754,116,746,76,670
09,001,072500,"Census Tract 725, Fairfield County, Connecticut",09001072500,2963,2709,254,3762,496,1106,1002,967,125,37,29,5819,5819,2910,1411,0,832,0,376,290,5819,4414,2098,1075,0,832,0,158,251,1405,812,336,0,0,0,218,39,1018,307,711
09,001,072600,"Census Tract 726, Fairfield County, Connecticut",09001072600,4297,3870,427,4832,656,1458,1121,1157,356,54,30,7676,7676,4451,1778,87,702,0,335,323,7676,6207,3746,1539,0,687,0,85,150,1469,705,239,87,15,0,250,173,840,0,840
09,001,072700,"Census Tract 727, Fairfield County, Connecticut",09001072700,2199,2007,192,2808,234,925,617,421,444,12,155,3920,3920,1428,1533,0,187,0,518,254,3920,2830,1010,1503,0,187,0,89,41,1090,418,30,0,0,0,429,213,697,102,595
09,001,072800,"Census Tract 728, Fairfield County, Connecticut",09001072800,3045,2709,336,3965,853,1613,881,406,121,17,74,5895,5895,1344,2865,55,0,0,1150,481,5895,3438,305,2856,10,0,0,117,150,2457,1039,9,45,0,0,1033,331,1436,664,772
09,001,072900,"Census Tract 729, Fairfield County, Connecticut",09001072900,2884,2571,313,3073,364,1336,860,313,181,13,6,4769,4769,1042,2646,12,239,0,580,250,4769,3498,496,2646,12,239,0,64,41,1271,546,0,0,0,0,516,209,1204,231,973
09,001,073000,"Census Tract 730, Fairfield County, Connecticut",09001073000,999,935,64,1465,223,458,484,197,82,10,11,1987,1987,740,616,42,0,0,464,125,1987,1047,407,599,12,0,0,10,19,940,333,17,30,0,0,454,106,421,0,421
09,001,073100,"Census Tract 731, Fairfield County, Connecticut",09001073100,2656,2424,232,3389,228,1229,915,664,287,36,30,4599,4599,1515,1158,0,240,59,680,947,4599,2326,798,1113,0,240,59,0,116,2273,717,45,0,0,0,680,831,862,273,589
09,001,073200,"Census Tract 732, Fairfield County, Connecticut",09001073200,1714,1590,124,3047,986,788,817,288,102,66,0,4161,4161,2176,1049,0,112,0,565,259,4161,1968,672,1039,0,112,0,39,106,2193,1504,10,0,0,0,526,153,870,366,504
09,001,073300,"Census Tract 733, Fairfield County, Connecticut",09001073300,1872,1729,143,2505,547,614,832,406,61,12,33,3601,3601,883,1634,0,56,0,890,138,3601,1909,424,1424,0,56,0,0,5,1692,459,210,0,0,0,890,133,836,158,678
09,001,073400,"Census Tract 734, Fairfield County, Connecticut",09001073400,2273,2040,233,2380,512,991,604,197,68,8,0,3845,3845,905,1869,22,14,0,904,131,3845,2025,195,1737,0,14,0,26,53,1820,710,132,22,0,0,878,78,726,154,572
09,001,073500,"Census Tract 735, Fairfield County, Connecticut",09001073500,1795,1699,96,2134,832,709,433,132,28,0,0,3654,3654,1042,953,0,15,0,1330,314,3654,1107,94,903,0,0,0,0,110,2547,948,50,0,15,0,1330,204,1031,475,556
09,001,073600,"Census Tract 736, Fairfield County, Connecticut",09001073600,1212,1043,169,1386,448,513,301,101,5,18,0,2175,2175,893,541,0,44,0,490,207,2175,742,129,524,0,44,0,0,45,1433,764,17,0,0,0,490,162,632,273,359
09,001,073700,"Census Tract 737, Fairfield County, Connecticut",09001073700,2387,2181,206,3159,963,1023,847,224,53,36,13,4616,4616,1122,2159,0,39,0,1053,243,4616,2334,494,1744,0,39,0,0,57,2282,628,415,0,0,0,1053,186,1066,568,498
09,001,073800,"Census Tract 738, Fairfield County, Connecticut",09001073800,829,730,99,1260,394,447,313,90,0,16,0,1897,1897,357,616,0,143,34,607,140,1897,756,119,592,0,30,0,15,0,1141,238,24,0,113,34,592,140,463,197,266
09,001,073900,"Census Tract 739, Fairfield County, Connecticut",09001073900,1792,1520,272,2278,746,847,524,161,0,0,0,4068,4068,753,1552,0,154,0,1289,320,4068,1856,333,1442,0,81,0,0,0,2212,420,110,0,73,0,1289,320,1201,260,941
09,001,074000,"Census Tract 740, Fairfield County, Connecticut",09001074000,1039,978,61,1298,385,511,281,78,22,5,16,2225,2225,446,691,0,18,0,837,233,2225,816,78,536,0,18,0,13,171,1409,368,155,0,0,0,824,62,628,194,434
09,001,074300,"Census Tract 743, Fairfield County, Connecticut",09001074300,1961,1692,269,2375,714,824,569,171,81,16,0,4890,4890,507,2208,35,311,0,1564,265,4890,2711,104,2138,35,311,0,13,110,2179,403,70,0,0,0,1551,155,2073,1203,870
09,001,074400,"Census Tract 744, Fairfield County, Connecticut",09001074400,2463,2279,184,3034,580,1289,849,140,149,8,19,4672,4672,497,2260,0,112,0,1178,625,4672,2557,98,2169,0,112,0,16,162,2115,399,91,0,0,0,1162,463,1166,237,929
09,001,080100,"Census Tract 801, Fairfield County, Connecticut",09001080100,3043,2721,322,3772,774,1089,1078,615,197,9,10,5314,5314,2298,1762,0,271,57,331,595,5314,3699,1475,1762,0,271,57,0,134,1615,823,0,0,0,0,331,461,884,127,757
09,001,080200,"Census Tract 802, Fairfield County, Connecticut",09001080200,2488,2284,204,2842,411,1177,686,361,127,68,12,4306,4306,1551,1183,15,0,0,1124,433,4306,2285,1062,1146,15,0,0,0,62,2021,489,37,0,0,0,1124,371,927,288,639
09,001,080400,"Census Tract 804, Fairfield County, Connecticut",09001080400,3203,3045,158,3740,511,1337,927,719,246,0,0,6013,6013,1899,3254,0,0,0,689,171,6013,4183,1037,3075,0,0,0,0,71,1830,862,179,0,0,0,689,100,1603,261,1342
09,001,080500,"Census Tract 805, Fairfield County, Connecticut",09001080500,1794,1748,46,2684,86,709,605,713,390,81,100,3191,3191,2971,54,0,83,0,0,83,3191,3024,2856,54,0,83,0,0,31,167,115,0,0,0,0,0,52,438,73,365
09,001,080600,"Census Tract 806, Fairfield County, Connecticut",09001080600,1974,1830,144,2233,60,627,799,391,257,82,17,2730,2730,2132,501,0,35,0,15,47,2730,2287,1793,436,0,35,0,15,8,443,339,65,0,0,0,0,39,362,0,362
09,001,080700,"Census Tract 807, Fairfield County, Connecticut",09001080700,1086,1046,40,1395,125,313,448,305,184,20,0,1868,1868,1235,402,0,20,0,151,60,1868,1629,1196,402,0,15,0,4,12,239,39,0,0,5,0,147,48,306,6,300
09,001,080800,"Census Tract 808, Fairfield County, Connecticut",09001080800,2597,2419,178,3349,193,907,869,823,441,110,6,4668,4668,3724,646,0,39,0,207,52,4668,4113,3429,618,0,39,0,0,27,555,295,28,0,0,0,207,25,983,45,938
09,001,080900,"Census Tract 809, Fairfield County, Connecticut",09001080900,2562,2448,114,3298,386,1110,1002,555,213,19,13,5041,5041,3361,904,0,26,0,252,498,5041,4150,2887,842,0,26,0,9,386,891,474,62,0,0,0,243,112,1187,40,1147
09,001,081000,"Census Tract 810, Fairfield County, Connecticut",09001081000,2419,2187,232,3091,379,992,1015,411,226,59,9,4555,4555,3077,986,0,0,0,247,245,4555,3746,2667,906,0,0,0,0,173,809,410,80,0,0,0,247,72,865,139,726
09,001,081100,"Census Tract 811, Fairfield County, Connecticut",09001081100,2792,2628,164,3610,177,1189,1025,694,455,56,14,4811,4811,3459,524,0,0,0,366,462,4811,3644,3115,515,0,0,0,0,14,1167,344,9,0,0,0,366,448,900,10,890
09,001,081200,"Census Tract 812, Fairfield County, Connecticut",09001081200,2924,2713,211,3700,170,691,1022,983,640,134,60,4955,4955,4021,429,5,31,0,299,170,4955,4454,3864,429,0,31,0,76,54,501,157,0,5,0,0,223,116,943,0,943
09,001,081300,"Census Tract 813, Fairfield County, Connecticut",09001081300,2164,1895,269,3924,116,770,1037,1086,643,186,86,4908,4908,4235,123,0,235,0,62,253,4908,4605,4084,123,0,235,0,0,163,303,151,0,0,0,0,62,90,531,0,531
09,001,090100,"Census Tract 901, Fairfield County, Connecticut",09001090100,1487,1391,96,2318,251,266,358,718,504,157,64,3248,3248,2648,197,0,269,0,0,134,3248,3081,2595,197,0,269,0,0,20,167,53,0,0,0,0,0,114,812,143,669
09,001,090200,"Census Tract 902, Fairfield County, Connecticut",09001090200,4012,3798,214,5417,325,1084,1163,1533,1145,66,101,7609,7609,6525,227,0,541,0,52,264,7609,7216,6226,227,0,541,0,28,194,393,299,0,0,0,0,24,70,1790,107,1683
09,001,090300,"Census Tract 903, Fairfield County, Connecticut",09001090300,2802,2534,268,3162,142,606,771,1053,422,127,41,4810,4810,3524,124,47,197,0,608,310,4810,3945,3414,124,0,197,0,0,210,865,110,0,47,0,0,608,100,1018,39,979
09,001,090400,"Census Tract 904, Fairfield County, Connecticut",09001090400,3680,3414,266,4720,229,997,827,1534,884,187,62,6804,6804,5021,438,16,397,24,138,770,6804,6040,4727,438,16,397,24,49,389,764,294,0,0,0,0,89,381,1668,42,1626
09,001,090500,"Census Tract 905, Fairfield County, Connecticut",09001090500,2828,2563,265,3236,136,698,642,1184,402,101,73,5405,5405,4182,138,0,252,0,420,413,5405,5043,4037,131,0,252,0,270,353,362,145,7,0,0,0,150,60,1785,69,1716
09,001,090600,"Census Tract 906, Fairfield County, Connecticut",09001090600,1740,1691,49,2428,37,413,390,981,480,94,33,3577,3577,2835,153,0,117,0,26,446,3577,2996,2645,153,0,117,0,26,55,581,190,0,0,0,0,0,391,913,0,913
09,001,090700,"Census Tract 907, Fairfield County, Connecticut",09001090700,2796,2661,135,3406,61,410,658,1250,692,274,61,5377,5377,4440,54,0,704,0,162,17,5377,5144,4369,54,0,704,0,0,17,233,71,0,0,0,0,162,0,1515,126,1389
09,001,100100,"Census Tract 1001, Fairfield County, Connecticut",09001100100,2830,2732,98,3625,173,802,803,1120,513,188,26,5253,5253,4253,85,0,633,0,112,170,5253,4724,3958,85,0,619,0,0,62,529,295,0,0,14,0,112,108,1223,47,1176
09,001,100200,"Census Tract 1002, Fairfield County, Connecticut",09001100200,3866,3685,181,4695,177,1285,1082,1063,864,142,82,6958,6958,5581,494,0,172,0,114,597,6958,6630,5460,494,0,172,0,0,504,328,121,0,0,0,0,114,93,1676,136,1540
09,001,100300,"Census Tract 1003, Fairfield County, Connecticut",09001100300,3291,3143,148,4146,140,832,927,1087,1062,65,33,6716,6716,5830,61,0,230,0,169,426,6716,5914,5494,61,0,230,0,0,129,802,336,0,0,0,0,169,297,1964,22,1942
09,001,105100,"Census Tract 1051, Fairfield County, Connecticut",09001105100,2158,2052,106,2802,26,402,362,933,780,224,75,4017,4017,3650,0,0,26,0,167,174,4017,3910,3570,0,0,26,0,150,164,107,80,0,0,0,0,17,10,904,0,904
09,001,105200,"Census Tract 1052, Fairfield County, Connecticut",09001105200,1844,1750,94,2538,86,248,411,842,535,345,71,3585,3585,3085,244,0,64,0,28,164,3585,3469,3023,244,0,64,0,0,138,116,62,0,0,0,0,28,26,870,196,674
09,001,110100,"Census Tract 1101, Fairfield County, Connecticut",09001110100,1994,1838,156,2103,232,433,686,456,151,113,32,3009,3009,2047,392,0,197,0,187,186,3009,2380,1696,302,0,197,0,119,66,629,351,90,0,0,0,68,120,392,48,344
09,001,110201,"Census Tract 1102.01, Fairfield County, Connecticut",09001110201,2869,2707,162,3200,202,918,874,711,449,27,19,4702,4702,3650,45,11,497,0,278,221,4702,4046,3325,45,11,497,0,6,162,656,325,0,0,0,0,272,59,857,84,773
09,001,110202,"Census Tract 1102.02, Fairfield County, Connecticut",09001110202,2581,2432,149,3988,335,1331,903,809,544,50,16,5124,5124,4118,323,19,56,0,462,146,5124,4787,3919,323,19,56,0,419,51,337,199,0,0,0,0,43,95,784,91,693
09,001,110301,"Census Tract 1103.01, Fairfield County, Connecticut",09001110301,3709,3543,166,5287,240,1614,1326,1234,686,74,113,6745,6745,5802,50,31,367,0,42,453,6745,6044,5529,50,31,367,0,0,67,701,273,0,0,0,0,42,386,822,28,794
09,001,110302,"Census Tract 1103.02, Fairfield County, Connecticut",09001110302,1806,1784,22,2294,44,551,396,652,522,111,18,3404,3404,3058,54,0,160,0,31,101,3404,3271,2992,54,0,160,0,0,65,133,66,0,0,0,0,31,36,744,0,744
09,001,110400,"Census Tract 1104, Fairfield County, Connecticut",09001110400,2629,2466,163,3675,137,855,1215,787,472,144,65,5090,5090,4490,71,0,107,0,51,371,5090,4742,4388,71,0,107,0,0,176,348,102,0,0,0,0,51,195,1094,181,913
09,001,110500,"Census Tract 1105, Fairfield County, Connecticut",09001110500,2814,2700,114,4072,49,968,1196,878,902,18,61,5118,5118,4813,152,0,25,0,1,127,5118,4780,4576,52,0,25,0,0,127,338,237,100,0,0,0,1,0,813,0,813
09,001,110601,"Census Tract 1106.01, Fairfield County, Connecticut",09001110601,1649,1649,0,2155,53,559,487,514,524,0,18,2815,2815,2649,29,0,125,0,0,12,2815,2749,2595,29,0,125,0,0,0,66,54,0,0,0,0,0,12,526,0,526
09,001,110602,"Census Tract 1106.02, Fairfield County, Connecticut",09001110602,2809,2600,209,3747,297,931,1040,950,464,65,0,4937,4937,4188,37,103,484,0,35,90,4937,4440,3869,37,0,484,0,0,50,497,319,0,103,0,0,35,40,933,55,878
09,001,200100,"Census Tract 2001, Fairfield County, Connecticut",09001200100,2331,2180,151,2617,230,766,680,564,267,34,76,3992,3992,3050,61,0,139,0,506,236,3992,3405,2917,61,0,139,0,220,68,587,133,0,0,0,0,286,168,1017,137,880
09,001,200200,"Census Tract 2002, Fairfield County, Connecticut",09001200200,2756,2689,67,3752,463,820,884,998,463,72,52,5641,5641,3498,714,0,410,0,505,514,5641,5413,3479,714,0,410,0,372,438,228,19,0,0,0,0,133,76,1447,18,1429
09,001,200301,"Census Tract 2003.01, Fairfield County, Connecticut",09001200301,3076,2880,196,3526,135,743,822,959,758,97,12,5065,5065,3911,85,0,633,0,71,365,5065,4548,3625,85,0,633,0,0,205,517,286,0,0,0,0,71,160,1103,0,1103
09,001,200302,"Census Tract 2003.02, Fairfield County, Connecticut",09001200302,3043,2961,82,3681,97,964,886,1085,434,163,52,5589,5589,4946,237,10,99,0,41,256,5589,5407,4857,237,0,99,0,32,182,182,89,0,10,0,0,9,74,1321,11,1310
09,001,205100,"Census Tract 2051, Fairfield County, Connecticut",09001205100,2446,2371,75,3076,112,784,678,864,326,251,61,4360,4360,3790,48,0,169,28,80,245,4360,4104,3665,48,0,169,28,29,165,256,125,0,0,0,0,51,80,864,47,817
09,001,205200,"Census Tract 2052, Fairfield County, Connecticut",09001205200,3800,3649,151,4780,55,789,1162,1715,829,121,109,7063,7063,6711,1,0,134,0,79,138,7063,6626,6482,1,0,134,0,0,9,437,229,0,0,0,0,79,129,1780,31,1749
09,001,205300,"Census Tract 2053, Fairfield County, Connecticut",09001205300,3305,3195,110,4379,315,1130,862,1121,794,100,57,6005,6005,4563,491,0,425,0,121,405,6005,5573,4362,441,0,425,0,0,345,432,201,50,0,0,0,121,60,1204,122,1082
09,001,210101,"Census Tract 2101.01, Fairfield County, Connecticut",09001210101,1526,1471,55,1573,217,350,270,476,106,103,51,2347,2347,1143,456,0,134,0,491,123,2347,1561,996,340,0,134,0,0,91,786,147,116,0,0,0,491,32,431,126,305
09,001,210102,"Census Tract 2101.02, Fairfield County, Connecticut",09001210102,1693,1632,61,2424,681,1085,354,121,153,30,0,3306,3306,1333,345,15,302,0,1100,211,3306,1713,992,299,15,302,0,18,87,1593,341,46,0,0,0,1082,124,529,187,342
09,001,210201,"Census Tract 2102.01, Fairfield County, Connecticut",09001210201,2072,1870,202,2444,597,996,381,398,62,10,0,3008,3008,1451,335,54,25,0,436,707,3008,1701,1189,312,27,25,0,0,148,1307,262,23,27,0,0,436,559,508,17,491
09,001,210202,"Census Tract 2102.02, Fairfield County, Connecticut",09001210202,2077,1972,105,2192,704,812,467,124,59,0,26,3887,3887,1285,412,16,160,0,1518,496,3887,1374,745,322,0,160,0,86,61,2513,540,90,16,0,0,1432,435,982,214,768
09,001,210300,"Census Tract 2103, Fairfield County, Connecticut",09001210300,2939,2645,294,3629,769,997,881,659,306,8,9,5288,5288,2598,578,8,533,0,1126,445,5288,3485,1950,578,8,515,0,187,247,1803,648,0,0,18,0,939,198,1237,267,970
09,001,210401,"Census Tract 2104.01, Fairfield County, Connecticut",09001210401,3076,2796,280,3337,168,887,1320,648,219,95,0,4753,4753,2504,345,0,379,0,1186,339,4753,3686,2467,329,0,379,0,328,183,1067,37,16,0,0,0,858,156,861,0,861
09,001,210402,"Census Tract 2104.02, Fairfield County, Connecticut",09001210402,2358,2228,130,2562,403,569,464,635,447,13,31,4228,4228,2006,506,0,535,0,884,297,4228,3227,1852,436,0,535,0,210,194,1001,154,70,0,0,0,674,103,1053,89,964
09,001,210501,"Census Tract 2105.01, Fairfield County, Connecticut",09001210501,1725,1626,99,2260,288,467,623,488,301,28,65,3328,3328,2214,117,0,215,0,525,257,3328,2323,1953,117,0,215,0,0,38,1005,261,0,0,0,0,525,219,606,229,377
09,001,210502,"Census Tract 2105.02, Fairfield County, Connecticut",09001210502,3972,3840,132,4958,194,978,1171,1243,1007,319,46,6190,6190,4678,392,0,391,0,48,681,6190,5371,4308,392,0,391,0,0,280,819,370,0,0,0,0,48,401,814,0,814
09,001,210600,"Census Tract 2106, Fairfield County, Connecticut",09001210600,4015,3643,372,4463,1269,1146,960,661,325,43,59,6548,6548,3451,1126,78,283,0,1295,315,6548,4249,2913,738,78,283,0,97,140,2299,538,388,0,0,0,1198,175,1306,123,1183
09,001,210701,"Census Tract 2107.01, Fairfield County, Connecticut",09001210701,3125,2900,225,3873,1272,1111,963,465,29,22,11,6211,6211,2514,601,0,68,0,2481,547,6211,2681,1634,595,0,68,0,365,19,3530,880,6,0,0,0,2116,528,1708,695,1013
09,001,210702,"Census Tract 2107.02, Fairfield County, Connecticut",09001210702,2595,2431,164,2730,552,822,787,427,57,75,10,4278,4278,2234,342,0,330,0,909,463,4278,2603,1892,176,0,330,0,19,186,1675,342,166,0,0,0,890,277,1170,96,1074
09,001,210800,"Census Tract 2108, Fairfield County, Connecticut",09001210800,3637,3523,114,3805,437,865,827,1000,532,87,57,6082,6082,4327,779,6,198,0,473,299,6082,4855,3747,698,0,188,0,56,166,1227,580,81,6,10,0,417,133,980,96,884
09,001,210900,"Census Tract 2109, Fairfield County, Connecticut",09001210900,3187,3050,137,4005,242,706,617,1123,929,337,51,5508,5508,4458,118,0,347,20,254,311,5508,4866,4354,80,0,347,20,47,18,642,104,38,0,0,0,207,293,962,0,962
09,001,211000,"Census Tract 2110, Fairfield County, Connecticut",09001211000,2558,2408,150,3118,440,833,880,500,323,55,87,4400,4400,2724,211,0,366,0,772,327,4400,3127,2372,211,0,366,0,69,109,1273,352,0,0,0,0,703,218,834,53,781
09,001,211100,"Census Tract 2111, Fairfield County, Connecticut",09001211100,136,136,0,1161,254,456,278,87,66,8,12,1211,1211,763,342,31,17,0,51,7,1211,972,599,318,31,17,0,0,7,239,164,24,0,0,0,51,0,8,0,8
09,001,211201,"Census Tract 2112.01, Fairfield County, Connecticut",09001211201,2120,2028,92,2596,424,625,489,612,433,0,13,3828,3828,2114,267,0,655,0,706,86,3828,2565,1643,267,0,655,0,0,0,1263,471,0,0,0,0,706,86,899,331,568
09,001,211202,"Census Tract 2112.02, Fairfield County, Connecticut",09001211202,1772,1704,68,2242,136,643,609,500,330,0,24,3044,3044,1946,66,0,293,0,390,349,3044,2537,1924,45,0,293,0,108,167,507,22,21,0,0,0,282,182,448,0,448
09,001,211300,"Census Tract 2113, Fairfield County, Connecticut",09001211300,2318,2246,72,3004,318,637,859,530,427,185,48,3777,3777,2820,430,0,94,0,358,75,3777,3181,2737,325,0,94,0,0,25,596,83,105,0,0,0,358,50,555,15,540
09,001,211400,"Census Tract 2114, Fairfield County, Connecticut",09001211400,2995,2768,227,3850,389,803,924,823,765,92,54,4975,4975,3538,689,0,287,0,318,143,4975,4567,3434,689,0,287,0,48,109,408,104,0,0,0,0,270,34,740,202,538
09,001,220100,"Census Tract 2201, Fairfield County, Connecticut",09001220100,2498,2371,127,3325,194,762,851,950,469,47,52,5406,5406,4607,42,9,122,0,86,540,5406,5025,4451,42,9,122,0,0,401,381,156,0,0,0,0,86,139,1460,116,1344
09,001,220200,"Census Tract 2202, Fairfield County, Connecticut",09001220200,2467,2164,303,3039,57,795,759,867,447,50,64,4670,4670,4318,16,0,88,0,114,134,4670,4455,4183,16,0,88,0,78,90,215,135,0,0,0,0,36,44,1112,14,1098
09,001,220300,"Census Tract 2203, Fairfield County, Connecticut",09001220300,1827,1737,90,2374,125,712,508,548,384,69,28,3564,3564,3249,21,0,5,4,65,220,3564,3142,2971,3,0,5,4,50,109,422,278,18,0,0,0,15,111,736,0,736
09,001,230100,"Census Tract 2301, Fairfield County, Connecticut",09001230100,3839,3694,145,4940,205,1282,1163,1239,857,91,103,6965,6965,6107,20,22,269,0,72,475,6965,6527,6084,20,22,269,0,0,132,438,23,0,0,0,0,72,343,1493,11,1482
09,001,230200,"Census Tract 2302, Fairfield County, Connecticut",09001230200,1055,1006,49,1300,41,149,274,494,235,84,23,1879,1879,1752,12,0,47,0,10,58,1879,1794,1721,12,0,47,0,0,14,85,31,0,0,0,0,10,44,474,0,474
09,001,230300,"Census Tract 2303, Fairfield County, Connecticut",09001230300,1911,1838,73,2415,64,472,511,773,461,79,55,3292,3292,2884,0,0,44,0,98,266,3292,2898,2761,0,0,44,0,8,85,394,123,0,0,0,0,90,181,602,0,602
09,001,230400,"Census Tract 2304, Fairfield County, Connecticut",09001230400,3467,3277,190,4038,108,973,782,1264,594,180,137,5930,5930,5306,89,0,83,0,301,151,5930,5602,5189,89,0,83,0,107,134,328,117,0,0,0,0,194,17,1270,70,1200
09,001,230501,"Census Tract 2305.01, Fairfield County, Connecticut",09001230501,2355,2239,116,2925,114,495,527,1001,606,106,76,4237,4237,3853,87,0,130,0,45,122,4237,4130,3835,87,0,130,0,0,78,107,18,0,0,0,0,45,44,964,109,855
09,001,230502,"Census Tract 2305.02, Fairfield County, Connecticut",09001230502,2748,2585,163,3410,241,654,811,1006,558,110,30,5085,5085,4329,287,0,43,44,132,250,5085,4560,4089,266,0,43,44,26,92,525,240,21,0,0,0,106,158,1116,36,1080
09,001,240100,"Census Tract 2401, Fairfield County, Connecticut",09001240100,2190,2055,135,3179,78,405,439,1390,609,136,122,4391,4391,3704,16,22,183,0,129,337,4391,3982,3629,16,22,161,0,0,154,409,75,0,0,22,0,129,183,920,0,920
09,001,240200,"Census Tract 2402, Fairfield County, Connecticut",09001240200,2290,2205,85,3135,22,302,567,928,795,292,229,4440,4440,4055,0,0,116,0,27,242,4440,4222,3924,0,0,116,0,19,163,218,131,0,0,0,0,8,79,1014,80,934
09,001,245100,"Census Tract 2451, Fairfield County, Connecticut",09001245100,1661,1605,56,1944,34,143,330,696,529,135,77,2948,2948,2531,56,0,98,0,57,206,2948,2881,2513,56,0,98,0,33,181,67,18,0,0,0,0,24,25,812,5,807
09,001,245200,"Census Tract 2452, Fairfield County, Connecticut",09001245200,1978,1898,80,3059,62,311,641,965,877,158,45,4356,4356,3728,90,0,168,0,41,329,4356,4119,3538,90,0,168,0,41,282,237,190,0,0,0,0,0,47,1135,170,965
09,001,245300,"Census Tract 2453, Fairfield County, Connecticut",09001245300,2697,2547,150,3934,118,571,465,1484,910,238,148,5321,5321,5085,27,0,149,0,1,59,5321,4923,4733,27,0,149,0,0,14,398,352,0,0,0,0,1,45,1069,0,1069
09,001,245400,"Census Tract 2454, Fairfield County, Connecticut",09001245400,1419,1385,34,2048,6,181,341,792,428,206,94,2976,2976,2692,109,0,46,0,0,129,2976,2794,2639,109,0,46,0,0,0,182,53,0,0,0,0,0,129,790,0,790
09,001,245500,"Census Tract 2455, Fairfield County, Connecticut",09001245500,1578,1481,97,1981,30,75,292,972,334,142,136,2844,2844,2744,0,0,20,0,20,60,2844,2441,2391,0,0,20,0,0,30,403,353,0,0,0,0,20,30,781,0,781
09,001,245600,"Census Tract 2456, Fairfield County, Connecticut",09001245600,2956,2863,93,4190,72,235,717,1753,979,242,192,6608,6608,5922,97,17,345,0,70,157,6608,6605,5922,97,17,345,0,67,157,3,0,0,0,0,0,3,0,2125,12,2113
09,001,257100,"Census Tract 2571, Fairfield County, Connecticut",09001257100,2027,1950,77,2831,89,484,559,1048,476,75,100,3545,3545,3162,20,0,53,0,156,154,3545,3321,3031,20,0,53,0,156,61,224,131,0,0,0,0,0,93,551,0,551
09,001,257200,"Census Tract 2572, Fairfield County, Connecticut",09001257200,2512,2385,127,2875,664,779,852,439,92,24,25,4688,4688,1191,2001,3,40,0,749,704,4688,2989,791,1947,0,40,0,46,165,1699,400,54,3,0,0,703,539,1306,354,952
09,001,990000,"Census Tract 9900, Fairfield County, Connecticut",09001990000,0,0,0,0,0,0,0,0,0,0,0,0,0,0,0,0,0,0,0,0,0,0,0,0,0,0,0,0,0,0,0,0,0,0,0,0,0,0,0,0